{
    "position_in_meters": {
        "x": 0.029390787564683593,
        "y": 0.057782741925270414,
        "z": -0.13294781027922875
    },
    "rotation_euler_xyz_in_radians": {
        "roll": -0.010938629293624672,
        "pitch": -0.007595907564106108,
        "yaw": -3.111643174096954
    }
}