{
    "position_in_meters": {
        "x": 0.030397871216570505,
        "y": 0.057851464286515934,
        "z": -0.13159713508233967
    },
    "rotation_euler_xyz_in_radians": {
        "roll": -0.03143299697270611,
        "pitch": -0.004290908940119964,
        "yaw": -3.1314912083569757
    }
}